{"id":{"0":"id01","1":"id02","2":"id03","3":"id04","4":"id05","5":"id06","6":"id07","7":"id08","8":"id09","9":"id10","10":"id11","11":"id12","12":"id13","13":"id14","14":"id15","15":"id16","16":"id17","17":"id18","18":"id19","19":"id20","20":"id21","21":"id22","22":"id23","23":"id24","24":"id25","25":"id26","26":"id27","27":"id28","28":"id29","29":"id30","30":"id31","31":"id32","32":"id33","33":"id34","34":"id35","35":"id36","36":"id37","37":"id38","38":"id39","39":"id40","40":"id41","41":"id42","42":"id43","43":"id44","44":"id45","45":"id46","46":"id47","47":"id48","48":"id49","49":"id50","50":"id51","51":"id52","52":"id53","53":"id54","54":"id55","55":"id56","56":"id57","57":"id58","58":"id59","59":"id60","60":"id61","61":"id62","62":"id63","63":"id64","64":"id65","65":"id66","66":"id67","67":"id68","68":"id69","69":"id70","70":"id71","71":"id72","72":"id73","73":"id74","74":"id75","75":"id76","76":"id77","77":"id78","78":"id79","79":"id80","80":"id81","81":"id82","82":"id83","83":"id84","84":"id85","85":"id86","86":"id87","87":"id88","88":"id89","89":"id90","90":"id91","91":"id92","92":"id93","93":"id94","94":"id95","95":"id96","96":"id97","97":"id98","98":"id99","99":"id100"},"age":{"0":2.0,"1":9.0,"2":27.0,"3":75.0,"4":24.0,"5":22.0,"6":36.3,"7":38.0,"8":3.3,"9":95.0,"10":40.0,"11":20.0,"12":15.0,"13":77.0,"14":22.0,"15":68.0,"16":74.0,"17":41.0,"18":53.0,"19":11.0,"20":90.0,"21":-6.3,"22":34.0,"23":80.0,"24":34.0,"25":55.0,"26":37.0,"27":38.0,"28":-13.5,"29":16.0,"30":86.0,"31":25.0,"32":47.0,"33":65.0,"34":30.0,"35":68.0,"36":100.0,"37":87.0,"38":56.0,"39":56.0,"40":81.0,"41":65.0,"42":23.0,"43":44.0,"44":97.0,"45":93.0,"46":34.6,"47":18.0,"48":75.0,"49":86.0,"50":36.0,"51":97.0,"52":52.0,"53":53.0,"54":75.0,"55":59.0,"56":3.0,"57":0.0,"58":64.0,"59":56.0,"60":87.0,"61":52.0,"62":88.0,"63":43.0,"64":26.5,"65":87.0,"66":66.0,"67":35.0,"68":75.0,"69":-9.0,"70":35.0,"71":8.0,"72":90.0,"73":45.0,"74":63.0,"75":71.0,"76":77.0,"77":92.0,"78":30.0,"79":67.0,"80":86.0,"81":48.0,"82":73.0,"83":66.0,"84":83.6,"85":2.0,"86":19.0,"87":89.0,"88":34.0,"89":54.0,"90":6.0,"91":97.0,"92":21.8,"93":84.0,"94":77.0,"95":92.0,"96":100.0,"97":39.0,"98":1.0,"99":47.0},"city":{"0":"\uc11c\uc6b8","1":"\uc11c\uc6b8","2":"\uc11c\uc6b8","3":"\uc11c\uc6b8","4":"\uc11c\uc6b8","5":"\uc11c\uc6b8","6":"\uc11c\uc6b8","7":"\uc11c\uc6b8","8":"\uc11c\uc6b8","9":"\uc11c\uc6b8","10":"\uc11c\uc6b8","11":"\uc11c\uc6b8","12":"\uc11c\uc6b8","13":"\uc11c\uc6b8","14":"\uc11c\uc6b8","15":"\uc11c\uc6b8","16":"\uc11c\uc6b8","17":"\uc11c\uc6b8","18":"\uc11c\uc6b8","19":"\uc11c\uc6b8","20":"\ubd80\uc0b0","21":"\ubd80\uc0b0","22":"\ubd80\uc0b0","23":"\ubd80\uc0b0","24":"\ubd80\uc0b0","25":"\ubd80\uc0b0","26":"\ubd80\uc0b0","27":"\ubd80\uc0b0","28":"\ubd80\uc0b0","29":"\ubd80\uc0b0","30":"\ubd80\uc0b0","31":"\ubd80\uc0b0","32":"\ubd80\uc0b0","33":"\ubd80\uc0b0","34":"\ubd80\uc0b0","35":"\ubd80\uc0b0","36":"\ubd80\uc0b0","37":"\ubd80\uc0b0","38":"\ubd80\uc0b0","39":"\ub300\uad6c","40":"\ub300\uad6c","41":"\ub300\uad6c","42":"\ub300\uad6c","43":"\ub300\uad6c","44":"\ub300\uad6c","45":"\ub300\uad6c","46":"\ub300\uad6c","47":"\ub300\uad6c","48":"\ub300\uad6c","49":"\ub300\uad6c","50":"\ub300\uad6c","51":"\ub300\uad6c","52":"\ub300\uad6c","53":"\ub300\uad6c","54":"\ub300\uad6c","55":"\ub300\uad6c","56":"\ub300\uad6c","57":"\ub300\uad6c","58":"\ub300\uad6c","59":"\uacbd\uae30","60":"\uacbd\uae30","61":"\uacbd\uae30","62":"\uacbd\uae30","63":"\uacbd\uae30","64":"\uacbd\uae30","65":"\uacbd\uae30","66":"\uacbd\uae30","67":"\uacbd\uae30","68":"\uacbd\uae30","69":"\uacbd\uae30","70":"\uacbd\uae30","71":"\uacbd\uae30","72":"\uacbd\uae30","73":"\uacbd\uae30","74":"\uacbd\uae30","75":"\uacbd\uae30","76":"\uacbd\uae30","77":"\uacbd\uae30","78":"\uacbd\uae30","79":"\uacbd\uae30","80":"\uacbd\uae30","81":"\uacbd\uae30","82":"\uacbd\uae30","83":"\uacbd\uae30","84":"\uacbd\uae30","85":"\uacbd\uae30","86":"\uacbd\uae30","87":"\uacbd\uae30","88":"\uacbd\uae30","89":"\uacbd\uae30","90":"\uacbd\uae30","91":"\uacbd\uae30","92":"\uacbd\uae30","93":"\uacbd\uae30","94":"\uacbd\uae30","95":"\uacbd\uae30","96":"\uacbd\uae30","97":"\uacbd\uae30","98":"\uacbd\uae30","99":"\uacbd\uae30"},"f1":{"0":null,"1":70.0,"2":61.0,"3":null,"4":85.0,"5":57.0,"6":60.0,"7":101.0,"8":35.0,"9":74.0,"10":68.0,"11":null,"12":68.0,"13":50.0,"14":67.0,"15":85.0,"16":null,"17":87.0,"18":null,"19":51.0,"20":null,"21":72.0,"22":75.0,"23":44.0,"24":null,"25":57.0,"26":60.0,"27":34.0,"28":47.0,"29":null,"30":77.0,"31":64.0,"32":94.0,"33":null,"34":null,"35":77.0,"36":null,"37":null,"38":50.0,"39":75.0,"40":55.0,"41":48.0,"42":60.0,"43":null,"44":88.0,"45":null,"46":75.0,"47":null,"48":88.0,"49":78.0,"50":null,"51":82.0,"52":50.0,"53":null,"54":63.0,"55":null,"56":111.0,"57":100.0,"58":null,"59":null,"60":62.0,"61":null,"62":86.0,"63":62.0,"64":null,"65":null,"66":52.0,"67":45.0,"68":85.0,"69":96.0,"70":84.0,"71":97.0,"72":null,"73":98.0,"74":47.0,"75":12.0,"76":31.0,"77":96.0,"78":null,"79":60.0,"80":50.0,"81":null,"82":50.0,"83":44.0,"84":55.0,"85":null,"86":null,"87":75.0,"88":66.0,"89":null,"90":72.0,"91":78.0,"92":57.0,"93":null,"94":43.0,"95":53.0,"96":null,"97":58.0,"98":47.0,"99":53.0},"f2":{"0":0,"1":1,"2":1,"3":2,"4":2,"5":0,"6":1,"7":1,"8":2,"9":1,"10":0,"11":0,"12":0,"13":1,"14":1,"15":0,"16":1,"17":2,"18":0,"19":1,"20":1,"21":1,"22":1,"23":0,"24":0,"25":1,"26":0,"27":1,"28":2,"29":0,"30":0,"31":0,"32":0,"33":1,"34":2,"35":1,"36":0,"37":1,"38":0,"39":0,"40":0,"41":2,"42":0,"43":0,"44":0,"45":0,"46":1,"47":0,"48":0,"49":1,"50":0,"51":1,"52":0,"53":1,"54":2,"55":1,"56":0,"57":2,"58":1,"59":0,"60":2,"61":0,"62":1,"63":2,"64":0,"65":1,"66":1,"67":2,"68":0,"69":1,"70":2,"71":0,"72":1,"73":0,"74":0,"75":0,"76":0,"77":1,"78":0,"79":0,"80":1,"81":0,"82":1,"83":0,"84":0,"85":0,"86":1,"87":0,"88":1,"89":0,"90":0,"91":1,"92":0,"93":1,"94":1,"95":1,"96":0,"97":2,"98":0,"99":0},"f3":{"0":null,"1":null,"2":null,"3":null,"4":null,"5":"vip","6":null,"7":null,"8":null,"9":null,"10":null,"11":null,"12":null,"13":null,"14":null,"15":null,"16":null,"17":null,"18":null,"19":null,"20":null,"21":null,"22":null,"23":null,"24":null,"25":null,"26":null,"27":null,"28":null,"29":null,"30":null,"31":"vip","32":null,"33":null,"34":null,"35":null,"36":null,"37":null,"38":null,"39":null,"40":null,"41":null,"42":null,"43":null,"44":null,"45":null,"46":null,"47":null,"48":null,"49":null,"50":null,"51":null,"52":null,"53":null,"54":null,"55":"vip","56":null,"57":null,"58":null,"59":null,"60":null,"61":null,"62":null,"63":null,"64":null,"65":null,"66":null,"67":null,"68":null,"69":null,"70":null,"71":null,"72":null,"73":null,"74":null,"75":null,"76":null,"77":null,"78":null,"79":null,"80":null,"81":null,"82":"vip","83":null,"84":null,"85":null,"86":null,"87":null,"88":null,"89":null,"90":null,"91":null,"92":null,"93":null,"94":null,"95":null,"96":null,"97":null,"98":null,"99":"vip"},"f4":{"0":"ENFJ","1":"ENFJ","2":"ISTJ","3":"INFP","4":"ISFJ","5":"INTP","6":"ISFJ","7":"INFJ","8":"ESFJ","9":"ISFP","10":"ENFP","11":"ESTP","12":"ESFJ","13":"ENTJ","14":"ENTP","15":"ESFP","16":"ISTP","17":"ISFJ","18":"ISFP","19":"INTJ","20":"ISFP","21":"ENFP","22":"ISTP","23":"INFJ","24":"ESTP","25":"ENFP","26":"ESTP","27":"ENTP","28":"ENTP","29":"ESTJ","30":"ESFJ","31":"ISFJ","32":"ENFJ","33":"INFP","34":"ESTJ","35":"INTP","36":"ESTP","37":"ESTP","38":"INFJ","39":"ENFP","40":"ENFJ","41":"ESTP","42":"ISTP","43":"INTP","44":"ENFJ","45":"ESTJ","46":"ESTJ","47":"ENFP","48":"INTP","49":"ENFP","50":"ISTJ","51":"ISFJ","52":"ESTP","53":"ENFJ","54":"ENTP","55":"ESTJ","56":"ISFJ","57":"ESTP","58":"ESFJ","59":"ESFP","60":"INTP","61":"INTP","62":"ISFJ","63":"ESFP","64":"ISFP","65":"ISFP","66":"ISFJ","67":"ISFP","68":"ESTJ","69":"ISTP","70":"ISFP","71":"ESTJ","72":"ISFJ","73":"ESTP","74":"ESTP","75":"ENTJ","76":"INFP","77":"INTJ","78":"INTJ","79":"ISFP","80":"ISFJ","81":"ENTJ","82":"ENTP","83":"INTP","84":"INFJ","85":"ESTP","86":"ISFP","87":"ESTJ","88":"ENTJ","89":"ENTP","90":"INTP","91":"INFP","92":"ISFP","93":"ESTJ","94":"INTJ","95":"ENTJ","96":"INFP","97":"INFP","98":"ESFJ","99":"ESFP"},"f5":{"0":91.29779092,"1":60.33982554,"2":17.25298557,"3":52.66707799,"4":29.26986926,"5":20.1294441,"6":9.796377581,"7":83.68538032,"8":17.25298557,"9":98.42989897,"10":98.42989897,"11":91.29779092,"12":83.68538032,"13":67.8863732,"14":9.796377581,"15":16.2838541,"16":67.8863732,"17":80.13828012,"18":83.68538032,"19":91.29779092,"20":29.26986926,"21":52.66707799,"22":69.73031281,"23":73.58639712,"24":60.33982554,"25":83.68538032,"26":73.58639712,"27":80.13828012,"28":67.8863732,"29":17.25298557,"30":73.58639712,"31":13.04992129,"32":17.25298557,"33":48.43118381,"34":33.30899901,"35":13.04992129,"36":33.30899901,"37":83.68538032,"38":33.30899901,"39":17.25298557,"40":37.11373918,"41":33.30899901,"42":29.26986926,"43":16.2838541,"44":13.04992129,"45":67.8863732,"46":90.49699927,"47":20.1294441,"48":37.11373918,"49":60.33982554,"50":83.68538032,"51":90.49699927,"52":20.1294441,"53":69.73031281,"54":13.04992129,"55":73.58639712,"56":29.26986926,"57":33.30899901,"58":20.1294441,"59":52.66707799,"60":69.73031281,"61":60.33982554,"62":73.58639712,"63":73.58639712,"64":91.29779092,"65":17.25298557,"66":73.58639712,"67":67.8863732,"68":69.73031281,"69":48.43118381,"70":52.66707799,"71":97.38103419,"72":73.58639712,"73":52.66707799,"74":20.1294441,"75":83.68538032,"76":98.42989897,"77":69.73031281,"78":80.13828012,"79":83.68538032,"80":37.11373918,"81":37.11373918,"82":80.13828012,"83":83.68538032,"84":80.13828012,"85":29.26986926,"86":97.38103419,"87":60.33982554,"88":33.30899901,"89":29.26986926,"90":9.796377581,"91":97.38103419,"92":73.58639712,"93":90.49699927,"94":91.29779092,"95":52.66707799,"96":67.8863732,"97":98.42989897,"98":97.38103419,"99":33.30899901}}